"File","Hardcoded","AppTheme","ThemeRefs","Total"
"lib\app.dart","1","1","0","2"
"lib\core\api\dio_client.dart","0","0","0","0"
"lib\core\constants\api_endpoints.dart","0","0","0","0"
"lib\core\constants\app_colors.dart","2","2","0","4"
"lib\core\constants\app_strings.dart","0","0","0","0"
"lib\core\constants\phone_prefixes.dart","0","0","0","0"
"lib\core\constants\sizes.dart","0","0","0","0"
"lib\core\errors\app_exception.dart","0","0","0","0"
"lib\core\errors\app_exceptions.dart","0","0","0","0"
"lib\core\errors\error_logger.dart","0","0","0","0"
"lib\core\layout\zerpai_navbar.dart","28","31","0","59"
"lib\core\layout\zerpai_shell_metrics.dart","0","0","0","0"
"lib\core\layout\zerpai_shell.dart","5","0","0","5"
"lib\core\layout\zerpai_sidebar_item.dart","14","0","0","14"
"lib\core\layout\zerpai_sidebar.dart","10","1","0","11"
"lib\core\logging\app_logger.dart","0","0","0","0"
"lib\core\models\org_settings_model.dart","0","0","0","0"
"lib\core\pages\error_page.dart","2","6","13","21"
"lib\core\pages\maintenance_page.dart","4","2","11","17"
"lib\core\pages\not_found_page.dart","0","3","10","13"
"lib\core\pages\settings_branch_profile_page.dart","7","43","0","50"
"lib\core\pages\settings_branches_create_page.dart","44","252","0","296"
"lib\core\pages\settings_branches_list_page.dart","33","121","0","154"
"lib\core\pages\settings_branding_page.dart","64","111","0","175"
"lib\core\pages\settings_locations_create_page.dart","20","215","0","235"
"lib\core\pages\settings_locations_page.dart","19","129","0","148"
"lib\core\pages\settings_organization_branding_page.dart","55","117","0","172"
"lib\core\pages\settings_organization_profile_page.dart","21","212","0","233"
"lib\core\pages\settings_page.dart","21","49","0","70"
"lib\core\pages\settings_roles_page.dart","6","27","0","33"
"lib\core\pages\settings_user_location_access_editor.dart","5","48","0","53"
"lib\core\pages\settings_users_roles_support.dart","8","30","0","38"
"lib\core\pages\settings_warehouses_create_page.dart","22","84","0","106"
"lib\core\pages\settings_warehouses_list_page.dart","28","96","0","124"
"lib\core\pages\settings_zone_bins_page.dart","27","82","0","109"
"lib\core\pages\settings_zones_create_page.dart","15","66","0","81"
"lib\core\pages\settings_zones_page.dart","23","71","0","94"
"lib\core\pages\unauthorized_page.dart","2","4","10","16"
"lib\core\providers\app_branding_provider.dart","16","0","0","16"
"lib\core\providers\entity_provider.dart","0","0","0","0"
"lib\core\providers\org_settings_provider.dart","0","0","0","0"
"lib\core\routing\app_router.dart","0","0","0","0"
"lib\core\routing\app_routes.dart","0","0","0","0"
"lib\core\services\api_client.dart","0","0","0","0"
"lib\core\services\dialog_service.dart","0","0","0","0"
"lib\core\services\env_service.dart","0","0","0","0"
"lib\core\services\hive_adapters.dart","0","0","0","0"
"lib\core\services\hive_service.dart","0","0","0","0"
"lib\core\services\image_picker_service.dart","0","0","0","0"
"lib\core\theme\app_text_styles.dart","0","10","0","10"
"lib\core\theme\app_theme.dart","49","0","1","50"
"lib\core\utils\console_error_reporter.dart","0","0","0","0"
"lib\core\utils\error_handler.dart","0","0","0","0"
"lib\data\models\branch_model.dart","0","0","0","0"
"lib\data\models\customer_model.dart","0","0","0","0"
"lib\data\models\user_model.dart","0","0","0","0"
"lib\data\models\vendor_model.dart","0","0","0","0"
"lib\data\providers\auth_provider.dart","0","0","0","0"
"lib\data\providers\branch_provider.dart","0","0","0","0"
"lib\main.dart","1","0","0","1"
"lib\modules\accountant\manual_journals\models\manual_journal_model.dart","0","0","0","0"
"lib\modules\accountant\manual_journals\presentation\manual_journal_create_screen.dart","39","82","0","121"
"lib\modules\accountant\manual_journals\presentation\manual_journal_template_create_screen.dart","14","35","0","49"
"lib\modules\accountant\manual_journals\presentation\manual_journal_templates_list_screen.dart","2","7","0","9"
"lib\modules\accountant\manual_journals\presentation\manual_journals_overview_screen.dart","0","4","0","4"
"lib\modules\accountant\manual_journals\presentation\widgets\manual_journal_template_card.dart","1","12","0","13"
"lib\modules\accountant\manual_journals\presentation\widgets\manual_journals_detail_panel.dart","19","33","0","52"
"lib\modules\accountant\manual_journals\presentation\widgets\manual_journals_list_panel.dart","37","78","1","116"
"lib\modules\accountant\manual_journals\providers\manual_journal_provider.dart","0","0","0","0"
"lib\modules\accountant\manual_journals\providers\manual_journal_template_provider.dart","0","0","0","0"
"lib\modules\accountant\manual_journals\repositories\manual_journal_repository.dart","0","0","0","0"
"lib\modules\accountant\models\account_transaction_model.dart","0","0","0","0"
"lib\modules\accountant\models\accountant_chart_of_accounts_account_model.dart","0","0","0","0"
"lib\modules\accountant\models\accountant_lookup_models.dart","0","0","0","0"
"lib\modules\accountant\models\accountant_metadata_model.dart","0","0","0","0"
"lib\modules\accountant\models\transaction_lock_model.dart","0","0","0","0"
"lib\modules\accountant\presentation\accountant_bulk_update_screen.dart","12","12","0","24"
"lib\modules\accountant\presentation\accountant_chart_of_accounts_creation.dart","13","62","0","75"
"lib\modules\accountant\presentation\accountant_chart_of_accounts_overview.dart","28","146","0","174"
"lib\modules\accountant\presentation\accountant_opening_balances_screen.dart","3","18","0","21"
"lib\modules\accountant\presentation\accountant_opening_balances_update_screen.dart","3","16","0","19"
"lib\modules\accountant\presentation\accountant_settings_screen.dart","1","10","0","11"
"lib\modules\accountant\presentation\accountant_transaction_locking_screen.dart","7","66","0","73"
"lib\modules\accountant\presentation\widgets\accountant_chart_of_accounts_detail_panel.dart","12","59","0","71"
"lib\modules\accountant\presentation\widgets\accountant_chart_of_accounts_row.dart","15","21","0","36"
"lib\modules\accountant\providers\accountant_chart_of_accounts_provider.dart","0","0","0","0"
"lib\modules\accountant\providers\currency_provider.dart","0","0","0","0"
"lib\modules\accountant\providers\opening_balance_provider.dart","0","0","0","0"
"lib\modules\accountant\providers\transaction_lock_provider.dart","0","0","0","0"
"lib\modules\accountant\recurring_journals\models\recurring_journal_model.dart","0","0","0","0"
"lib\modules\accountant\recurring_journals\presentation\recurring_journal_create_screen.dart","13","24","0","37"
"lib\modules\accountant\recurring_journals\presentation\recurring_journal_overview_screen.dart","3","12","0","15"
"lib\modules\accountant\recurring_journals\presentation\widgets\recurring_journal_import_export_dialogs.dart","6","17","0","23"
"lib\modules\accountant\recurring_journals\presentation\widgets\recurring_journals_detail_panel.dart","18","71","1","90"
"lib\modules\accountant\recurring_journals\presentation\widgets\recurring_journals_list_panel.dart","4","14","0","18"
"lib\modules\accountant\recurring_journals\providers\recurring_journal_provider.dart","0","0","0","0"
"lib\modules\accountant\recurring_journals\repositories\recurring_journal_repository.dart","0","0","0","0"
"lib\modules\accountant\repositories\accountant_repository.dart","0","0","0","0"
"lib\modules\auth\controller\auth_controller.dart","0","0","0","0"
"lib\modules\auth\models\auth_state.dart","0","0","0","0"
"lib\modules\auth\models\organization_model.dart","0","0","0","0"
"lib\modules\auth\models\user_model.dart","0","0","0","0"
"lib\modules\auth\models\user_profile_model.dart","0","0","0","0"
"lib\modules\auth\presentation\auth_auth_forgot_password.dart","3","9","0","12"
"lib\modules\auth\presentation\auth_auth_login.dart","12","32","0","44"
"lib\modules\auth\presentation\auth_auth_reset_password.dart","6","12","0","18"
"lib\modules\auth\presentation\auth_organization_management_overview.dart","2","4","12","18"
"lib\modules\auth\presentation\auth_profile_overview.dart","13","2","8","23"
"lib\modules\auth\presentation\auth_user_management_overview.dart","0","0","4","4"
"lib\modules\auth\providers\user_provider.dart","0","0","0","0"
"lib\modules\auth\repositories\auth_repository.dart","0","0","0","0"
"lib\modules\auth\repositories\user_management_repository.dart","0","0","0","0"
"lib\modules\auth\services\permission_service.dart","0","0","0","0"
"lib\modules\auth\widgets\permission_wrapper.dart","0","0","0","0"
"lib\modules\auth\widgets\user_form_dialog.dart","0","0","0","0"
"lib\modules\auth\widgets\user_list_tile.dart","8","4","3","15"
"lib\modules\branches\controller\branch_controller.dart","0","0","0","0"
"lib\modules\branches\models\branch_model.dart","0","0","0","0"
"lib\modules\branches\presentation\settings_branches_branch_create.dart","0","0","0","0"
"lib\modules\branches\presentation\settings_branches_branch_list.dart","0","0","0","0"
"lib\modules\home\models\dashboard_metrics.dart","0","0","0","0"
"lib\modules\home\presentation\home_dashboard_overview.dart","3","55","0","58"
"lib\modules\home\presentation\widgets\chart_placeholder.dart","11","0","0","11"
"lib\modules\home\presentation\widgets\chart_widget.dart","0","0","0","0"
"lib\modules\home\presentation\widgets\metric_card.dart","0","0","3","3"
"lib\modules\home\providers\dashboard_provider.dart","0","0","0","0"
"lib\modules\inventory\adjustments\presentation\inventory_adjustments_create.dart","67","149","0","216"
"lib\modules\inventory\adjustments\presentation\inventory_adjustments_list.dart","43","49","0","92"
"lib\modules\inventory\adjustments\presentation\inventory_adjustments_overview_screen.dart","0","2","0","2"
"lib\modules\inventory\adjustments\presentation\widgets\inventory_adjustments_detail_panel.dart","82","105","0","187"
"lib\modules\inventory\adjustments\providers\inventory_adjustments_provider.dart","0","0","0","0"
"lib\modules\inventory\assemblies\presentation\inventory_assemblies_assembly_creation.dart","6","37","0","43"
"lib\modules\inventory\assemblies\presentation\inventory_assemblies_assembly_overview.dart","0","0","0","0"
"lib\modules\inventory\assemblies\presentation\widgets\add_batches_dialog.dart","4","22","0","26"
"lib\modules\inventory\models\inventory_adjustment_model.dart","0","0","0","0"
"lib\modules\inventory\models\stock_model.dart","0","0","0","0"
"lib\modules\inventory\models\stock_transfer_model.dart","0","0","0","0"
"lib\modules\inventory\models\warehouse_model.dart","0","0","0","0"
"lib\modules\inventory\move_orders\presentation\inventory_move_orders_create.dart","1","20","0","21"
"lib\modules\inventory\move_orders\presentation\inventory_move_orders_list.dart","1","2","0","3"
"lib\modules\inventory\packages\presentation\inventory_packages_create.dart","83","5","0","88"
"lib\modules\inventory\packages\presentation\inventory_packages_list.dart","36","0","0","36"
"lib\modules\inventory\picklists\data\inventory_picklist_repository_impl.dart","0","0","0","0"
"lib\modules\inventory\picklists\data\inventory_picklist_repository.dart","0","0","0","0"
"lib\modules\inventory\picklists\models\inventory_picklist_model.dart","0","0","0","0"
"lib\modules\inventory\picklists\presentation\inventory_picklists_create.dart","185","0","0","185"
"lib\modules\inventory\picklists\presentation\inventory_picklists_edit.dart","63","0","0","63"
"lib\modules\inventory\picklists\presentation\inventory_picklists_list.dart","89","185","0","274"
"lib\modules\inventory\picklists\presentation\inventory_picklists_update.dart","61","0","0","61"
"lib\modules\inventory\picklists\providers\inventory_picklists_provider.dart","0","0","0","0"
"lib\modules\inventory\providers\stock_provider.dart","0","0","0","0"
"lib\modules\inventory\providers\warehouse_provider.dart","0","0","0","0"
"lib\modules\inventory\repositories\adjustments_repository.dart","0","0","0","0"
"lib\modules\inventory\repositories\stock_repository.dart","0","0","0","0"
"lib\modules\inventory\repositories\transfers_repository.dart","0","0","0","0"
"lib\modules\inventory\repositories\warehouse_repository.dart","0","0","0","0"
"lib\modules\inventory\shipments\presentation\inventory_shipments_create.dart","44","5","0","49"
"lib\modules\inventory\shipments\presentation\inventory_shipments_list.dart","34","0","0","34"
"lib\modules\inventory\transfer_orders\presentation\inventory_transfer_orders_create.dart","0","134","1","135"
"lib\modules\inventory\transfer_orders\presentation\inventory_transfer_orders_list.dart","7","22","0","29"
"lib\modules\items\composite_items\models\composite_item_model.dart","0","0","0","0"
"lib\modules\items\composite_items\presentation\items_composite_filter_dropdown.dart","6","18","0","24"
"lib\modules\items\composite_items\presentation\items_composite_filters.dart","0","0","0","0"
"lib\modules\items\composite_items\presentation\items_composite_items_composite_creation.dart","34","96","0","130"
"lib\modules\items\composite_items\presentation\items_composite_items_composite_listview.dart","11","47","0","58"
"lib\modules\items\composite_items\providers\items_composite_item_provider.dart","0","0","0","0"
"lib\modules\items\item_groups\controller\itemgroup_controller.dart","0","0","0","0"
"lib\modules\items\item_groups\models\itemgroup_model.dart","0","0","0","0"
"lib\modules\items\item_groups\presentation\inventory_itemgroup_itemgroup_create.dart","0","0","0","0"
"lib\modules\items\item_groups\presentation\inventory_itemgroup_itemgroup_list.dart","0","0","0","0"
"lib\modules\items\items\controllers\items_controller.dart","0","0","0","0"
"lib\modules\items\items\controllers\items_state.dart","0","0","0","0"
"lib\modules\items\items\models\batch_model.dart","0","0","0","0"
"lib\modules\items\items\models\item_composition_model.dart","0","0","0","0"
"lib\modules\items\items\models\item_model.dart","0","0","0","0"
"lib\modules\items\items\models\items_stock_models.dart","0","0","0","0"
"lib\modules\items\items\models\tax_rate_model.dart","0","0","0","0"
"lib\modules\items\items\models\unit_model.dart","0","0","0","0"
"lib\modules\items\items\models\uqc_model.dart","0","0","0","0"
"lib\modules\items\items\presentation\items_item_create.dart","9","5","0","14"
"lib\modules\items\items\presentation\items_item_detail.dart","20","39","0","59"
"lib\modules\items\items\presentation\items_item_list.dart","0","9","0","9"
"lib\modules\items\items\presentation\sections\components\items_batch_dialogs.dart","2","19","0","21"
"lib\modules\items\items\presentation\sections\components\items_stock_find_panels.dart","17","53","0","70"
"lib\modules\items\items\presentation\sections\composition_section.dart","5","10","0","15"
"lib\modules\items\items\presentation\sections\default_tax_rates_section.dart","3","13","0","16"
"lib\modules\items\items\presentation\sections\formulation_extra_details.dart","26","44","0","70"
"lib\modules\items\items\presentation\sections\formulation_section.dart","12","26","0","38"
"lib\modules\items\items\presentation\sections\items_item_create_components.dart","1","6","0","7"
"lib\modules\items\items\presentation\sections\items_item_create_images.dart","17","16","0","33"
"lib\modules\items\items\presentation\sections\items_item_create_inventory.dart","15","30","0","45"
"lib\modules\items\items\presentation\sections\items_item_create_primary_info.dart","8","18","0","26"
"lib\modules\items\items\presentation\sections\items_item_create_settings.dart","6","17","0","23"
"lib\modules\items\items\presentation\sections\items_item_create_tabs.dart","3","4","0","7"
"lib\modules\items\items\presentation\sections\items_item_create_widgets.dart","0","0","0","0"
"lib\modules\items\items\presentation\sections\items_item_detail_actions.dart","0","0","0","0"
"lib\modules\items\items\presentation\sections\items_item_detail_charts.dart","0","0","0","0"
"lib\modules\items\items\presentation\sections\items_item_detail_components.dart","12","46","0","58"
"lib\modules\items\items\presentation\sections\items_item_detail_menus.dart","22","19","0","41"
"lib\modules\items\items\presentation\sections\items_item_detail_overview.dart","23","57","0","80"
"lib\modules\items\items\presentation\sections\items_item_detail_price_lists.dart","11","25","0","36"
"lib\modules\items\items\presentation\sections\items_item_detail_stock.dart","35","125","2","162"
"lib\modules\items\items\presentation\sections\items_opening_stock_dialog.dart","33","75","1","109"
"lib\modules\items\items\presentation\sections\items_stock_providers.dart","0","0","0","0"
"lib\modules\items\items\presentation\sections\more_info_section.dart","1","3","0","4"
"lib\modules\items\items\presentation\sections\purchase_section.dart","9","16","0","25"
"lib\modules\items\items\presentation\sections\report\column_visibility_manager.dart","0","0","0","0"
"lib\modules\items\items\presentation\sections\report\dialogs\bulk_update_dialog.dart","7","50","0","57"
"lib\modules\items\items\presentation\sections\report\dialogs\export_items_dialog.dart","3","3","0","6"
"lib\modules\items\items\presentation\sections\report\dialogs\import_items_dialog.dart","3","6","0","9"
"lib\modules\items\items\presentation\sections\report\dialogs\items_custom_columns.dart","0","10","0","10"
"lib\modules\items\items\presentation\sections\report\item_row.dart","0","0","0","0"
"lib\modules\items\items\presentation\sections\report\items_filter_dropdown.dart","3","15","0","18"
"lib\modules\items\items\presentation\sections\report\items_filters.dart","0","0","0","0"
"lib\modules\items\items\presentation\sections\report\items_report_body.dart","1","0","0","1"
"lib\modules\items\items\presentation\sections\report\items_report_overview.dart","0","0","0","0"
"lib\modules\items\items\presentation\sections\report\items_report_screen.dart","0","0","0","0"
"lib\modules\items\items\presentation\sections\report\items_table.dart","13","23","0","36"
"lib\modules\items\items\presentation\sections\report\itemsgrid_view.dart","4","9","0","13"
"lib\modules\items\items\presentation\sections\report\itemslist_view.dart","0","1","0","1"
"lib\modules\items\items\presentation\sections\report\sections\items_report_body_actions.dart","3","16","0","19"
"lib\modules\items\items\presentation\sections\report\sections\items_report_body_components.dart","10","21","0","31"
"lib\modules\items\items\presentation\sections\report\sections\items_report_body_menu.dart","29","29","0","58"
"lib\modules\items\items\presentation\sections\report\sections\items_report_body_table.dart","0","0","0","0"
"lib\modules\items\items\presentation\sections\sales_section.dart","6","12","0","18"
"lib\modules\items\items\presentation\widgets\item_details_sidebar.dart","14","47","0","61"
"lib\modules\items\items\repositories\items_repository_impl.dart","0","0","0","0"
"lib\modules\items\items\repositories\items_repository_provider.dart","0","0","0","0"
"lib\modules\items\items\repositories\items_repository.dart","0","0","0","0"
"lib\modules\items\items\repositories\products_repository.dart","0","0","0","0"
"lib\modules\items\items\repositories\supabase_item_repository.dart","0","0","0","0"
"lib\modules\items\items\services\lookups_api_service.dart","0","0","0","0"
"lib\modules\items\items\services\products_api_service.dart","0","0","0","0"
"lib\modules\items\pricelist\controllers\pricelist_controller.dart","0","0","0","0"
"lib\modules\items\pricelist\models\pricelist_model.dart","0","0","0","0"
"lib\modules\items\pricelist\models\pricelist_model.g.dart","0","0","0","0"
"lib\modules\items\pricelist\models\pricelist_pagination.dart","0","0","0","0"
"lib\modules\items\pricelist\presentation\items_pricelist_create.dart","15","70","0","85"
"lib\modules\items\pricelist\presentation\items_pricelist_edit.dart","14","64","0","78"
"lib\modules\items\pricelist\presentation\items_pricelist_overview.dart","6","43","3","52"
"lib\modules\items\pricelist\presentation\items_pricelist_pricelist_creation.dart","26","140","0","166"
"lib\modules\items\pricelist\presentation\items_pricelist_pricelist_edit.dart","27","137","0","164"
"lib\modules\items\pricelist\presentation\items_pricelist_pricelist_overview.dart","24","94","2","120"
"lib\modules\items\pricelist\providers\pricelist_provider.dart","0","0","0","0"
"lib\modules\items\pricelist\repositories\pricelist_repository.dart","0","0","0","0"
"lib\modules\items\pricelist\services\pricelist_service.dart","0","0","0","0"
"lib\modules\mapping\controller\mapping_controller.dart","0","0","0","0"
"lib\modules\mapping\models\mapping_model.dart","0","0","0","0"
"lib\modules\mapping\presentation\inventory_mapping_mapping_create.dart","0","0","0","0"
"lib\modules\mapping\presentation\inventory_mapping_mapping_list.dart","0","0","0","0"
"lib\modules\printing\models\print_template.dart","0","0","0","0"
"lib\modules\printing\presentation\printing_templates_overview.dart","2","2","9","13"
"lib\modules\printing\repositories\print_template_repository.dart","0","0","0","0"
"lib\modules\printing\services\print_service.dart","0","0","0","0"
"lib\modules\printing\widgets\template_editor.dart","0","0","1","1"
"lib\modules\purchases\bills\models\purchases_bills_bill_model.dart","0","0","0","0"
"lib\modules\purchases\bills\presentation\purchases_bills_create.dart","214","0","1","215"
"lib\modules\purchases\bills\presentation\purchases_bills_list.dart","46","0","0","46"
"lib\modules\purchases\bills\providers\purchases_bills_provider.dart","0","0","0","0"
"lib\modules\purchases\bills\repositories\purchases_bills_repository.dart","0","0","0","0"
"lib\modules\purchases\purchase_orders\models\purchases_purchase_orders_order_model.dart","0","0","0","0"
"lib\modules\purchases\purchase_orders\notifiers\purchase_order_notifier.dart","0","0","0","0"
"lib\modules\purchases\purchase_orders\presentation\purchases_purchase_orders_create.dart","375","0","2","377"
"lib\modules\purchases\purchase_orders\presentation\purchases_purchase_orders_order_overview.dart","0","33","0","33"
"lib\modules\purchases\purchase_orders\providers\purchases_purchase_orders_provider.dart","0","0","0","0"
"lib\modules\purchases\purchase_orders\repositories\purchases_purchase_orders_order_repository_impl.dart","0","0","0","0"
"lib\modules\purchases\purchase_orders\repositories\purchases_purchase_orders_order_repository.dart","0","0","0","0"
"lib\modules\purchases\purchase_receives\data\purchase_receive_repository_impl.dart","0","0","0","0"
"lib\modules\purchases\purchase_receives\data\purchase_receive_repository.dart","0","0","0","0"
"lib\modules\purchases\purchase_receives\models\purchases_purchase_receives_model.dart","0","0","0","0"
"lib\modules\purchases\purchase_receives\presentation\purchases_purchase_receives_create.dart","124","0","0","124"
"lib\modules\purchases\purchase_receives\presentation\purchases_purchase_receives_list.dart","81","0","0","81"
"lib\modules\purchases\purchase_receives\providers\purchase_receives_provider.dart","0","0","0","0"
"lib\modules\purchases\purchase_receives\providers\purchases_purchase_receives_provider.dart","0","0","0","0"
"lib\modules\purchases\purchase_receives\repositories\purchases_purchase_receives_repository_impl.dart","0","0","0","0"
"lib\modules\purchases\purchase_receives\repositories\purchases_purchase_receives_repository.dart","0","0","0","0"
"lib\modules\purchases\vendors\models\purchases_vendors_vendor_model.dart","0","0","0","0"
"lib\modules\purchases\vendors\presentation\purchases_vendors_vendor_create.dart","9","0","0","9"
"lib\modules\purchases\vendors\presentation\purchases_vendors_vendor_list.dart","28","0","0","28"
"lib\modules\purchases\vendors\presentation\sections\purchases_vendors_address_section.dart","6","0","0","6"
"lib\modules\purchases\vendors\presentation\sections\purchases_vendors_bank_details_section.dart","13","0","0","13"
"lib\modules\purchases\vendors\presentation\sections\purchases_vendors_builders.dart","15","0","0","15"
"lib\modules\purchases\vendors\presentation\sections\purchases_vendors_contact_persons_section.dart","5","0","0","5"
"lib\modules\purchases\vendors\presentation\sections\purchases_vendors_dialogs.dart","22","0","0","22"
"lib\modules\purchases\vendors\presentation\sections\purchases_vendors_helpers.dart","2","0","0","2"
"lib\modules\purchases\vendors\presentation\sections\purchases_vendors_license_section.dart","0","6","0","6"
"lib\modules\purchases\vendors\presentation\sections\purchases_vendors_other_details_section.dart","28","0","0","28"
"lib\modules\purchases\vendors\presentation\sections\purchases_vendors_primary_info_section.dart","4","0","0","4"
"lib\modules\purchases\vendors\presentation\sections\purchases_vendors_remarks_section.dart","4","0","0","4"
"lib\modules\purchases\vendors\providers\vendor_provider.dart","0","0","0","0"
"lib\modules\purchases\vendors\repositories\vendor_repository_impl.dart","0","0","0","0"
"lib\modules\purchases\vendors\repositories\vendor_repository.dart","0","0","0","0"
"lib\modules\reports\controller\reports_controller.dart","0","0","0","0"
"lib\modules\reports\models\report_model.dart","0","0","0","0"
"lib\modules\reports\presentation\reports_account_transactions.dart","4","14","0","18"
"lib\modules\reports\presentation\reports_audit_logs_screen.dart","20","198","1","219"
"lib\modules\reports\presentation\reports_center_screen.dart","1","21","0","22"
"lib\modules\reports\presentation\reports_general_ledger_screen.dart","2","12","0","14"
"lib\modules\reports\presentation\reports_inventory_inventory_stock.dart","0","0","0","0"
"lib\modules\reports\presentation\reports_inventory_valuation_screen.dart","3","19","0","22"
"lib\modules\reports\presentation\reports_profit_and_loss_screen.dart","2","13","0","15"
"lib\modules\reports\presentation\reports_reports_overview.dart","3","12","0","15"
"lib\modules\reports\presentation\reports_sales_by_customer_screen.dart","3","14","0","17"
"lib\modules\reports\presentation\reports_sales_sales_daily.dart","5","3","0","8"
"lib\modules\reports\presentation\reports_trial_balance_screen.dart","3","15","0","18"
"lib\modules\reports\repositories\reports_repository.dart","0","0","0","0"
"lib\modules\sales\controllers\sales_order_controller.dart","0","0","0","0"
"lib\modules\sales\models\gstin_lookup_model.dart","0","0","0","0"
"lib\modules\sales\models\hsn_sac_model.dart","0","0","0","0"
"lib\modules\sales\models\sales_customer_detail_context_model.dart","0","0","0","0"
"lib\modules\sales\models\sales_customer_model.dart","0","0","0","0"
"lib\modules\sales\models\sales_eway_bill_model.dart","0","0","0","0"
"lib\modules\sales\models\sales_order_item_model.dart","0","0","0","0"
"lib\modules\sales\models\sales_order_model.dart","0","0","0","0"
"lib\modules\sales\models\sales_payment_link_model.dart","0","0","0","0"
"lib\modules\sales\models\sales_payment_model.dart","0","0","0","0"
"lib\modules\sales\presentation\sales_credit_note_create.dart","2","7","0","9"
"lib\modules\sales\presentation\sales_customer_create.dart","3","3","0","6"
"lib\modules\sales\presentation\sales_customer_overview.dart","2","11","0","13"
"lib\modules\sales\presentation\sales_delivery_challan_create.dart","0","3","0","3"
"lib\modules\sales\presentation\sales_document_detail.dart","86","1","0","87"
"lib\modules\sales\presentation\sales_eway_bill_create.dart","0","2","0","2"
"lib\modules\sales\presentation\sales_generic_list.dart","4","9","0","13"
"lib\modules\sales\presentation\sales_invoice_create.dart","4","13","0","17"
"lib\modules\sales\presentation\sales_order_create.dart","350","0","0","350"
"lib\modules\sales\presentation\sales_order_overview.dart","53","212","0","265"
"lib\modules\sales\presentation\sales_payment_create.dart","1","2","0","3"
"lib\modules\sales\presentation\sales_payment_link_create.dart","1","1","0","2"
"lib\modules\sales\presentation\sales_quotation_create.dart","2","7","0","9"
"lib\modules\sales\presentation\sales_recurring_invoice_create.dart","0","3","0","3"
"lib\modules\sales\presentation\sales_retainer_invoice_create.dart","0","2","0","2"
"lib\modules\sales\presentation\sections\sales_customer_address_section.dart","1","4","0","5"
"lib\modules\sales\presentation\sections\sales_customer_attributes_section.dart","8","0","0","8"
"lib\modules\sales\presentation\sections\sales_customer_builders.dart","33","16","1","50"
"lib\modules\sales\presentation\sections\sales_customer_contact_persons_section.dart","3","3","0","6"
"lib\modules\sales\presentation\sections\sales_customer_custom_fields_section.dart","1","0","0","1"
"lib\modules\sales\presentation\sections\sales_customer_dialogs.dart","40","0","0","40"
"lib\modules\sales\presentation\sections\sales_customer_helpers.dart","2","0","0","2"
"lib\modules\sales\presentation\sections\sales_customer_licence_section.dart","0","6","0","6"
"lib\modules\sales\presentation\sections\sales_customer_other_details_section.dart","1","3","0","4"
"lib\modules\sales\presentation\sections\sales_customer_overview_actions.dart","22","0","0","22"
"lib\modules\sales\presentation\sections\sales_customer_overview_left_panel.dart","14","0","0","14"
"lib\modules\sales\presentation\sections\sales_customer_overview_other_tabs.dart","33","0","1","34"
"lib\modules\sales\presentation\sections\sales_customer_overview_tab.dart","69","0","1","70"
"lib\modules\sales\presentation\sections\sales_customer_primary_info_section.dart","1","3","0","4"
"lib\modules\sales\presentation\sections\sales_customer_remarks_section.dart","2","0","0","2"
"lib\modules\sales\presentation\sections\sales_customer_reporting_tags_section.dart","1","0","0","1"
"lib\modules\sales\presentation\sections\sales_generic_list_columns.dart","20","0","0","20"
"lib\modules\sales\presentation\sections\sales_generic_list_filter.dart","14","0","0","14"
"lib\modules\sales\presentation\sections\sales_generic_list_import_export_dialog.dart","29","0","0","29"
"lib\modules\sales\presentation\sections\sales_generic_list_search_dialog.dart","19","0","0","19"
"lib\modules\sales\presentation\sections\sales_generic_list_table_logic.dart","2","0","0","2"
"lib\modules\sales\presentation\sections\sales_generic_list_table.dart","16","0","0","16"
"lib\modules\sales\presentation\sections\sales_generic_list_ui.dart","43","0","0","43"
"lib\modules\sales\presentation\widgets\advanced_customer_search_dialog.dart","13","9","0","22"
"lib\modules\sales\presentation\widgets\custom_date_picker.dart","16","0","0","16"
"lib\modules\sales\presentation\widgets\sales_order_item_row.dart","0","0","0","0"
"lib\modules\sales\presentation\widgets\sales_order_preferences_dialog.dart","20","0","0","20"
"lib\modules\sales\repositories\customers_repository.dart","0","0","0","0"
"lib\modules\sales\repositories\eway_bills_repository.dart","0","0","0","0"
"lib\modules\sales\repositories\payments_repository.dart","0","0","0","0"
"lib\modules\sales\repositories\sales_orders_repository.dart","0","0","0","0"
"lib\modules\sales\services\gstin_lookup_service.dart","0","0","0","0"
"lib\modules\sales\services\hsn_sac_lookup_service.dart","0","0","0","0"
"lib\modules\sales\services\sales_order_api_service.dart","0","0","0","0"
"lib\modules\settings\controller\settings_controller.dart","0","0","0","0"
"lib\modules\settings\presentation\settings_settings_overview.dart","0","0","0","0"
"lib\modules\settings\providers\navigation_provider.dart","0","0","0","0"
"lib\modules\settings\users_roles\models\role_permission_models.dart","0","0","0","0"
"lib\modules\settings\users_roles\providers\role_creation_provider.dart","0","0","0","0"
"lib\modules\settings\users_roles\providers\role_permission_scheme.dart","0","0","0","0"
"lib\modules\settings\users_roles\settings_users_roles_role_creation.dart","68","19","0","87"
"lib\modules\settings\users\presentation\settings_users_user_creation.dart","32","38","0","70"
"lib\modules\settings\users\presentation\settings_users_user_overview.dart","13","12","0","25"
"lib\modules\settings\users\providers\user_access_provider.dart","0","0","0","0"
"lib\shared\constants\currency_constants.dart","0","0","0","0"
"lib\shared\constants\gst_constants.dart","0","0","0","0"
"lib\shared\constants\phone_prefixes.dart","0","0","0","0"
"lib\shared\mixins\licence_validation_mixin.dart","0","0","0","0"
"lib\shared\models\account_node.dart","0","0","0","0"
"lib\shared\providers\lookup_providers.dart","0","0","0","0"
"lib\shared\responsive\breakpoints.dart","0","0","0","0"
"lib\shared\responsive\responsive_context.dart","0","0","0","0"
"lib\shared\responsive\responsive_dialog.dart","1","0","0","1"
"lib\shared\responsive\responsive_form.dart","0","0","0","0"
"lib\shared\responsive\responsive_layout.dart","0","0","0","0"
"lib\shared\responsive\responsive_table_shell.dart","0","0","0","0"
"lib\shared\services\api_client.dart","0","0","0","0"
"lib\shared\services\bin_locations_service.dart","0","0","0","0"
"lib\shared\services\dialog_service.dart","0","0","0","0"
"lib\shared\services\draft_storage_service.dart","0","0","0","0"
"lib\shared\services\env_service.dart","0","0","0","0"
"lib\shared\services\hive_adapters.dart","0","0","0","0"
"lib\shared\services\hive_service.dart","0","0","0","0"
"lib\shared\services\image_picker_service.dart","0","0","0","0"
"lib\shared\services\lookup_service.dart","0","0","0","0"
"lib\shared\services\recent_history_service.dart","0","0","0","0"
"lib\shared\services\storage_service.dart","0","0","0","0"
"lib\shared\services\sync\global_sync_manager.dart","2","4","0","6"
"lib\shared\services\sync\sync_service.dart","0","0","0","0"
"lib\shared\theme\app_text_styles.dart","0","10","0","10"
"lib\shared\theme\text_styles.dart","0","4","0","4"
"lib\shared\utils\app_date_formatter.dart","0","0","0","0"
"lib\shared\utils\async_action_handler.dart","0","0","0","0"
"lib\shared\utils\display_name_utils.dart","0","0","0","0"
"lib\shared\utils\error_handler.dart","0","0","0","0"
"lib\shared\utils\form_controllers_manager.dart","0","0","0","0"
"lib\shared\utils\form_layout_constants.dart","0","0","0","0"
"lib\shared\utils\gstin_prefill_utils.dart","0","0","0","0"
"lib\shared\utils\lookup_utils.dart","0","0","0","0"
"lib\shared\utils\report_utils.dart","0","0","0","0"
"lib\shared\utils\tax_engine.dart","0","0","0","0"
"lib\shared\utils\zerpai_toast.dart","4","11","0","15"
"lib\shared\widgets\dialogs\bulk_items_dialog.dart","51","0","0","51"
"lib\shared\widgets\dialogs\unsaved_changes_dialog.dart","0","0","0","0"
"lib\shared\widgets\dialogs\warehouse_change_confirm_dialog.dart","3","9","0","12"
"lib\shared\widgets\dialogs\zerpai_confirmation_dialog.dart","5","8","0","13"
"lib\shared\widgets\form_row.dart","1","10","0","11"
"lib\shared\widgets\hsn_sac_search_modal.dart","10","9","0","19"
"lib\shared\widgets\inputs\account_tree_dropdown.dart","13","20","0","33"
"lib\shared\widgets\inputs\category_dropdown.dart","20","18","0","38"
"lib\shared\widgets\inputs\custom_text_field.dart","9","24","0","33"
"lib\shared\widgets\inputs\dropdown_input.dart","21","43","0","64"
"lib\shared\widgets\inputs\field_label.dart","0","0","0","0"
"lib\shared\widgets\inputs\file_upload_button.dart","13","11","0","24"
"lib\shared\widgets\inputs\gstin_prefill_banner.dart","5","0","0","5"
"lib\shared\widgets\inputs\manage_categories_dialog.dart","16","26","0","42"
"lib\shared\widgets\inputs\manage_list_dialog.dart","2","14","6","22"
"lib\shared\widgets\inputs\manage_payment_terms_dialog.dart","7","34","0","41"
"lib\shared\widgets\inputs\manage_reorder_terms_dialog.dart","9","26","0","35"
"lib\shared\widgets\inputs\manage_simple_list_dialog.dart","2","18","7","27"
"lib\shared\widgets\inputs\phone_input_field.dart","6","1","0","7"
"lib\shared\widgets\inputs\radio_group.dart","0","1","0","1"
"lib\shared\widgets\inputs\radio_input.dart","0","0","0","0"
"lib\shared\widgets\inputs\resizable_box.dart","1","1","0","2"
"lib\shared\widgets\inputs\shared_field_layout.dart","0","5","0","5"
"lib\shared\widgets\inputs\text_input.dart","1","5","0","6"
"lib\shared\widgets\inputs\transaction_series_dropdown.dart","7","23","0","30"
"lib\shared\widgets\inputs\uppercase_text_formatter.dart","0","0","0","0"
"lib\shared\widgets\inputs\warehouse_popover.dart","51","0","0","51"
"lib\shared\widgets\inputs\z_date_picker_field.dart","4","0","0","4"
"lib\shared\widgets\inputs\z_search_field.dart","1","5","0","6"
"lib\shared\widgets\inputs\z_tooltip.dart","3","3","0","6"
"lib\shared\widgets\inputs\zerpai_builders.dart","2","5","0","7"
"lib\shared\widgets\inputs\zerpai_calendar.dart","2","3","0","5"
"lib\shared\widgets\inputs\zerpai_date_picker_style.dart","3","7","0","10"
"lib\shared\widgets\inputs\zerpai_date_picker.dart","2","0","0","2"
"lib\shared\widgets\inputs\zerpai_month_year_picker.dart","1","0","0","1"
"lib\shared\widgets\inputs\zerpai_radio_group.dart","0","3","0","3"
"lib\shared\widgets\keyboard_scrollable.dart","0","0","0","0"
"lib\shared\widgets\placeholder_screen.dart","0","7","0","7"
"lib\shared\widgets\reports\zerpai_report_shell.dart","8","18","0","26"
"lib\shared\widgets\sections\address_section.dart","0","15","0","15"
"lib\shared\widgets\sections\attachment_section.dart","0","2","0","2"
"lib\shared\widgets\sections\contact_persons_table.dart","0","24","0","24"
"lib\shared\widgets\sections\license_registration_section.dart","0","7","0","7"
"lib\shared\widgets\settings_fixed_header_layout.dart","1","7","0","8"
"lib\shared\widgets\settings_navigation_sidebar.dart","3","24","0","27"
"lib\shared\widgets\settings_search_field.dart","6","15","0","21"
"lib\shared\widgets\shortcut_handler.dart","0","0","0","0"
"lib\shared\widgets\skeleton.dart","6","30","0","36"
"lib\shared\widgets\texts\zerpai_link_text.dart","0","2","0","2"
"lib\shared\widgets\top_bar\top_bar.dart","1","1","0","2"
"lib\shared\widgets\unsaved_changes_guard.dart","0","0","0","0"
"lib\shared\widgets\z_button.dart","2","2","0","4"
"lib\shared\widgets\z_currency_display.dart","0","0","0","0"
"lib\shared\widgets\z_data_table_shell.dart","0","7","0","7"
"lib\shared\widgets\z_row_actions.dart","0","13","0","13"
"lib\shared\widgets\z_skeletons.dart","1","31","0","32"
"lib\shared\widgets\z_table_helpers.dart","4","7","0","11"
"lib\shared\widgets\zerpai_layout.dart","1","2","0","3"
"lib\utils\date_utils.dart","0","0","0","0"
"lib\utils\formatters.dart","0","0","0","0"
"lib\utils\price_utils.dart","0","0","0","0"
"lib\utils\validators.dart","0","0","0","0"
